{"cameraMode":{"drawMode":0,"name":"Shaded","section":"Shading Mode"},"sceneLighting":true,"audioPlay":false,"sceneViewState":{"m_AlwaysRefresh":false,"showFog":true,"showSkybox":true,"showFlares":true,"showImageEffects":true,"showParticleSystems":true,"showVisualEffectGraphs":true,"m_FxEnabled":true},"in2DMode":false,"pivot":{"x":44.869998931884769,"y":0.027000010013580323,"z":14.025592803955079},"rotation":{"x":0.45897814631462099,"y":-0.10218578577041626,"z":0.05329597741365433,"w":0.8809632658958435},"size":11.613167762756348,"orthographic":false}